Accuracy,Precision,Recall,Pred_0,Pred_1
0.9873417721518988,1.0,0.9777777777777777,34,0
,,,1,44
