Accuracy,Precision,Recall,Pred_0,Pred_1
0.6835443037974683,0.7288135593220338,0.8269230769230769,11,16
,,,9,43
