Accuracy,Precision,Recall,Pred_0,Pred_1
0.7468354430379747,0.7424242424242424,0.9423076923076923,10,17
,,,3,49
